path,resolution,series,sys_id,img_id,format,date
3000/pollen_62_6201.jpg,3000,pollen,62,6201,jpg,2022-04-30
800/pollen_62_6201.jpg,800,pollen,62,6201,jpg,2022-04-30
3000/pollen_62_6205.jpg,3000,pollen,62,6205,jpg,2022-04-30
800/pollen_62_6205.jpg,800,pollen,62,6205,jpg,2022-04-30
3000/pollen_62_6206.jpg,3000,pollen,62,6206,jpg,2022-04-30
800/pollen_62_6206.jpg,800,pollen,62,6206,jpg,2022-04-30
3000/pollen_62_6207.jpg,3000,pollen,62,6207,jpg,2022-04-30
800/pollen_62_6207.jpg,800,pollen,62,6207,jpg,2022-04-30
3000/pollen_62_6221.jpg,3000,pollen,62,6221,jpg,2022-04-30
800/pollen_62_6221.jpg,800,pollen,62,6221,jpg,2022-04-30
3000/pollen_62_6222.jpg,3000,pollen,62,6222,jpg,2022-04-30
800/pollen_62_6222.jpg,800,pollen,62,6222,jpg,2022-04-30
3000/pollen_62_6229.jpg,3000,pollen,62,6229,jpg,2022-04-30
800/pollen_62_6229.jpg,800,pollen,62,6229,jpg,2022-04-30
3000/pollen_62_6230.jpg,3000,pollen,62,6230,jpg,2022-04-30
800/pollen_62_6230.jpg,800,pollen,62,6230,jpg,2022-04-30
3000/pollen_62_6235.jpg,3000,pollen,62,6235,jpg,2022-04-30
800/pollen_62_6235.jpg,800,pollen,62,6235,jpg,2022-04-30
3000/pollen_62_6238.jpg,3000,pollen,62,6238,jpg,2022-04-30
800/pollen_62_6238.jpg,800,pollen,62,6238,jpg,2022-04-30
3000/pollen_62_6240.jpg,3000,pollen,62,6240,jpg,2022-04-30
800/pollen_62_6240.jpg,800,pollen,62,6240,jpg,2022-04-30
3000/pollen_62_6242.jpg,3000,pollen,62,6242,jpg,2022-04-30
800/pollen_62_6242.jpg,800,pollen,62,6242,jpg,2022-04-30
3000/pollen_62_6248.jpg,3000,pollen,62,6248,jpg,2022-04-30
800/pollen_62_6248.jpg,800,pollen,62,6248,jpg,2022-04-30
3000/pollen_62_6266.jpg,3000,pollen,62,6266,jpg,2022-04-30
800/pollen_62_6266.jpg,800,pollen,62,6266,jpg,2022-04-30
3000/pollen_62_6281.jpg,3000,pollen,62,6281,jpg,2022-04-30
800/pollen_62_6281.jpg,800,pollen,62,6281,jpg,2022-04-30
3000/pollen_63_6301.jpg,3000,pollen,63,6301,jpg,2022-04-30
800/pollen_63_6301.jpg,800,pollen,63,6301,jpg,2022-04-30
3000/pollen_63_6308.jpg,3000,pollen,63,6308,jpg,2022-04-30
800/pollen_63_6308.jpg,800,pollen,63,6308,jpg,2022-04-30
3000/pollen_63_6335.jpg,3000,pollen,63,6335,jpg,2022-04-30
800/pollen_63_6335.jpg,800,pollen,63,6335,jpg,2022-04-30
3000/pollen_63_6342.jpg,3000,pollen,63,6342,jpg,2022-04-30
800/pollen_63_6342.jpg,800,pollen,63,6342,jpg,2022-04-30
3000/pollen_63_6345.jpg,3000,pollen,63,6345,jpg,2022-04-30
800/pollen_63_6345.jpg,800,pollen,63,6345,jpg,2022-04-30
3000/pollen_63_6353.jpg,3000,pollen,63,6353,jpg,2022-04-30
800/pollen_63_6353.jpg,800,pollen,63,6353,jpg,2022-04-30
3000/pollen_63_6358.jpg,3000,pollen,63,6358,jpg,2022-04-30
800/pollen_63_6358.jpg,800,pollen,63,6358,jpg,2022-04-30
3000/pollen_63_6364.jpg,3000,pollen,63,6364,jpg,2022-04-30
800/pollen_63_6364.jpg,800,pollen,63,6364,jpg,2022-04-30
3000/pollen_63_6372.jpg,3000,pollen,63,6372,jpg,2022-04-30
800/pollen_63_6372.jpg,800,pollen,63,6372,jpg,2022-04-30
3000/pollen_64_6400.jpg,3000,pollen,64,6400,jpg,2022-04-30
800/pollen_64_6400.jpg,800,pollen,64,6400,jpg,2022-04-30
3000/pollen_64_6401.jpg,3000,pollen,64,6401,jpg,2022-04-30
800/pollen_64_6401.jpg,800,pollen,64,6401,jpg,2022-04-30
3000/pollen_64_6412.jpg,3000,pollen,64,6412,jpg,2022-04-30
800/pollen_64_6412.jpg,800,pollen,64,6412,jpg,2022-04-30
3000/pollen_64_6435.jpg,3000,pollen,64,6435,jpg,2022-04-30
800/pollen_64_6435.jpg,800,pollen,64,6435,jpg,2022-04-30
3000/pollen_64_6463.jpg,3000,pollen,64,6463,jpg,2022-04-30
800/pollen_64_6463.jpg,800,pollen,64,6463,jpg,2022-04-30
3000/pollen_66_6621.jpg,3000,pollen,66,6621,jpg,2022-04-30
800/pollen_66_6621.jpg,800,pollen,66,6621,jpg,2022-04-30
3000/pollen_66_6630.jpg,3000,pollen,66,6630,jpg,2022-04-30
800/pollen_66_6630.jpg,800,pollen,66,6630,jpg,2022-04-30
3000/pollen_66_6640.jpg,3000,pollen,66,6640,jpg,2022-04-30
800/pollen_66_6640.jpg,800,pollen,66,6640,jpg,2022-04-30
3000/pollen_66_6658.jpg,3000,pollen,66,6658,jpg,2022-04-30
800/pollen_66_6658.jpg,800,pollen,66,6658,jpg,2022-04-30
3000/pollen_66_6659.jpg,3000,pollen,66,6659,jpg,2022-04-30
800/pollen_66_6659.jpg,800,pollen,66,6659,jpg,2022-04-30
3000/pollen_66_6690.jpg,3000,pollen,66,6690,jpg,2022-04-30
800/pollen_66_6690.jpg,800,pollen,66,6690,jpg,2022-04-30
3000/pollen_67_6703.jpg,3000,pollen,67,6703,jpg,2022-04-30
800/pollen_67_6703.jpg,800,pollen,67,6703,jpg,2022-04-30
3000/pollen_67_6707.jpg,3000,pollen,67,6707,jpg,2022-04-30
800/pollen_67_6707.jpg,800,pollen,67,6707,jpg,2022-04-30
3000/pollen_67_6708.jpg,3000,pollen,67,6708,jpg,2022-04-30
800/pollen_67_6708.jpg,800,pollen,67,6708,jpg,2022-04-30
3000/pollen_67_6743.jpg,3000,pollen,67,6743,jpg,2022-04-30
800/pollen_67_6743.jpg,800,pollen,67,6743,jpg,2022-04-30
3000/pollen_67_6759.jpg,3000,pollen,67,6759,jpg,2022-04-30
800/pollen_67_6759.jpg,800,pollen,67,6759,jpg,2022-04-30
3000/pollen_67_6765.jpg,3000,pollen,67,6765,jpg,2022-04-30
800/pollen_67_6765.jpg,800,pollen,67,6765,jpg,2022-04-30
3000/pollen_67_6768.jpg,3000,pollen,67,6768,jpg,2022-04-30
800/pollen_67_6768.jpg,800,pollen,67,6768,jpg,2022-04-30
3000/pollen_67_6769.jpg,3000,pollen,67,6769,jpg,2022-04-30
800/pollen_67_6769.jpg,800,pollen,67,6769,jpg,2022-04-30
3000/pollen_67_6782.jpg,3000,pollen,67,6782,jpg,2022-04-30
800/pollen_67_6782.jpg,800,pollen,67,6782,jpg,2022-04-30
3000/pollen_67_6799.jpg,3000,pollen,67,6799,jpg,2022-04-30
800/pollen_67_6799.jpg,800,pollen,67,6799,jpg,2022-04-30
3000/pollen_69_6909.jpg,3000,pollen,69,6909,jpg,2022-04-30
800/pollen_69_6909.jpg,800,pollen,69,6909,jpg,2022-04-30
3000/pollen_69_6912.jpg,3000,pollen,69,6912,jpg,2022-04-30
800/pollen_69_6912.jpg,800,pollen,69,6912,jpg,2022-04-30
3000/pollen_69_6952.jpg,3000,pollen,69,6952,jpg,2022-04-30
800/pollen_69_6952.jpg,800,pollen,69,6952,jpg,2022-04-30
3000/pollen_69_6964.jpg,3000,pollen,69,6964,jpg,2022-04-30
800/pollen_69_6964.jpg,800,pollen,69,6964,jpg,2022-04-30
3000/pollen_69_6966.jpg,3000,pollen,69,6966,jpg,2022-04-30
800/pollen_69_6966.jpg,800,pollen,69,6966,jpg,2022-04-30
3000/pollen_69_6986.jpg,3000,pollen,69,6986,jpg,2022-04-30
800/pollen_69_6986.jpg,800,pollen,69,6986,jpg,2022-04-30
3000/pollen_69_6990.jpg,3000,pollen,69,6990,jpg,2022-04-30
800/pollen_69_6990.jpg,800,pollen,69,6990,jpg,2022-04-30
3000/pollen_71_7100.jpg,3000,pollen,71,7100,jpg,2022-04-30
800/pollen_71_7100.jpg,800,pollen,71,7100,jpg,2022-04-30
3000/pollen_72_7207.jpg,3000,pollen,72,7207,jpg,2022-04-30
800/pollen_72_7207.jpg,800,pollen,72,7207,jpg,2022-04-30
3000/pollen_72_7234.jpg,3000,pollen,72,7234,jpg,2022-04-30
800/pollen_72_7234.jpg,800,pollen,72,7234,jpg,2022-04-30
